observation_date,ILCONS
1990-01-01,230.7
1990-02-01,230.5
1990-03-01,229.4
1990-04-01,227.0
1990-05-01,224.6
1990-06-01,223.0
1990-07-01,224.4
1990-08-01,224.1
1990-09-01,222.7
1990-10-01,218.1
1990-11-01,221.1
1990-12-01,217.9
1991-01-01,213.7
1991-02-01,211.7
1991-03-01,211.3
1991-04-01,212.4
1991-05-01,211.5
1991-06-01,210.5
1991-07-01,209.1
1991-08-01,208.3
1991-09-01,207.9
1991-10-01,208.0
1991-11-01,204.3
1991-12-01,201.4
1992-01-01,209.0
1992-02-01,206.6
1992-03-01,204.0
1992-04-01,201.3
1992-05-01,200.5
1992-06-01,200.9
1992-07-01,200.6
1992-08-01,200.1
1992-09-01,199.6
1992-10-01,200.8
1992-11-01,200.1
1992-12-01,201.2
1993-01-01,205.6
1993-02-01,205.6
1993-03-01,201.8
1993-04-01,200.7
1993-05-01,201.1
1993-06-01,200.7
1993-07-01,200.5
1993-08-01,201.8
1993-09-01,203.1
1993-10-01,206.3
1993-11-01,208.8
1993-12-01,209.8
1994-01-01,210.2
1994-02-01,208.5
1994-03-01,213.5
1994-04-01,214.2
1994-05-01,216.0
1994-06-01,216.4
1994-07-01,216.7
1994-08-01,217.6
1994-09-01,220.3
1994-10-01,216.3
1994-11-01,218.3
1994-12-01,220.7
1995-01-01,222.4
1995-02-01,222.5
1995-03-01,225.2
1995-04-01,220.2
1995-05-01,217.2
1995-06-01,222.3
1995-07-01,224.3
1995-08-01,224.4
1995-09-01,226.2
1995-10-01,225.0
1995-11-01,224.6
1995-12-01,224.7
1996-01-01,225.4
1996-02-01,225.2
1996-03-01,226.4
1996-04-01,228.7
1996-05-01,227.0
1996-06-01,229.2
1996-07-01,230.6
1996-08-01,232.1
1996-09-01,231.3
1996-10-01,232.0
1996-11-01,233.3
1996-12-01,232.2
1997-01-01,229.9
1997-02-01,232.0
1997-03-01,235.1
1997-04-01,237.7
1997-05-01,238.5
1997-06-01,239.0
1997-07-01,235.5
1997-08-01,234.4
1997-09-01,235.7
1997-10-01,236.4
1997-11-01,237.4
1997-12-01,237.0
1998-01-01,237.8
1998-02-01,239.9
1998-03-01,234.6
1998-04-01,240.4
1998-05-01,243.2
1998-06-01,243.3
1998-07-01,246.9
1998-08-01,248.0
1998-09-01,249.5
1998-10-01,249.9
1998-11-01,251.2
1998-12-01,254.4
1999-01-01,247.2
1999-02-01,252.8
1999-03-01,252.0
1999-04-01,253.0
1999-05-01,252.7
1999-06-01,256.2
1999-07-01,256.8
1999-08-01,257.3
1999-09-01,258.5
1999-10-01,261.3
1999-11-01,262.5
1999-12-01,265.2
2000-01-01,266.0
2000-02-01,268.0
2000-03-01,273.0
2000-04-01,272.5
2000-05-01,271.6
2000-06-01,270.6
2000-07-01,269.6
2000-08-01,270.7
2000-09-01,270.8
2000-10-01,271.0
2000-11-01,271.2
2000-12-01,264.4
2001-01-01,270.1
2001-02-01,274.8
2001-03-01,277.2
2001-04-01,278.5
2001-05-01,279.9
2001-06-01,278.6
2001-07-01,278.0
2001-08-01,278.2
2001-09-01,277.0
2001-10-01,277.2
2001-11-01,280.7
2001-12-01,279.8
2002-01-01,277.4
2002-02-01,277.5
2002-03-01,276.4
2002-04-01,275.0
2002-05-01,274.3
2002-06-01,276.2
2002-07-01,277.7
2002-08-01,279.0
2002-09-01,280.4
2002-10-01,281.3
2002-11-01,281.0
2002-12-01,278.2
2003-01-01,277.9
2003-02-01,274.3
2003-03-01,273.3
2003-04-01,274.9
2003-05-01,275.5
2003-06-01,276.1
2003-07-01,277.5
2003-08-01,278.5
2003-09-01,277.8
2003-10-01,272.4
2003-11-01,271.4
2003-12-01,272.2
2004-01-01,269.6
2004-02-01,267.1
2004-03-01,270.3
2004-04-01,268.8
2004-05-01,270.0
2004-06-01,270.2
2004-07-01,269.9
2004-08-01,268.7
2004-09-01,269.6
2004-10-01,271.1
2004-11-01,272.5
2004-12-01,278.1
2005-01-01,267.4
2005-02-01,268.9
2005-03-01,268.2
2005-04-01,268.9
2005-05-01,268.9
2005-06-01,267.0
2005-07-01,267.7
2005-08-01,267.2
2005-09-01,269.0
2005-10-01,270.2
2005-11-01,271.9
2005-12-01,271.9
2006-01-01,275.6
2006-02-01,277.5
2006-03-01,277.9
2006-04-01,279.3
2006-05-01,276.8
2006-06-01,277.7
2006-07-01,274.9
2006-08-01,275.0
2006-09-01,273.2
2006-10-01,273.1
2006-11-01,272.6
2006-12-01,273.1
2007-01-01,274.8
2007-02-01,266.1
2007-03-01,274.5
2007-04-01,273.3
2007-05-01,274.9
2007-06-01,274.6
2007-07-01,272.4
2007-08-01,271.2
2007-09-01,270.6
2007-10-01,269.4
2007-11-01,269.8
2007-12-01,268.4
2008-01-01,266.4
2008-02-01,263.4
2008-03-01,263.4
2008-04-01,262.0
2008-05-01,262.2
2008-06-01,260.4
2008-07-01,260.5
2008-08-01,259.9
2008-09-01,258.1
2008-10-01,254.2
2008-11-01,249.2
2008-12-01,243.8
2009-01-01,235.7
2009-02-01,233.8
2009-03-01,229.4
2009-04-01,219.3
2009-05-01,217.3
2009-06-01,215.3
2009-07-01,214.2
2009-08-01,212.8
2009-09-01,211.6
2009-10-01,208.7
2009-11-01,206.9
2009-12-01,204.4
2010-01-01,201.9
2010-02-01,201.2
2010-03-01,201.2
2010-04-01,201.5
2010-05-01,199.2
2010-06-01,199.0
2010-07-01,189.9
2010-08-01,197.3
2010-09-01,197.4
2010-10-01,199.2
2010-11-01,198.8
2010-12-01,197.0
2011-01-01,197.7
2011-02-01,198.3
2011-03-01,198.5
2011-04-01,196.9
2011-05-01,197.7
2011-06-01,196.9
2011-07-01,196.3
2011-08-01,196.7
2011-09-01,194.9
2011-10-01,191.7
2011-11-01,192.3
2011-12-01,195.2
2012-01-01,194.2
2012-02-01,193.6
2012-03-01,193.5
2012-04-01,190.8
2012-05-01,187.7
2012-06-01,186.7
2012-07-01,186.9
2012-08-01,186.4
2012-09-01,187.0
2012-10-01,188.2
2012-11-01,187.0
2012-12-01,190.7
2013-01-01,191.8
2013-02-01,193.5
2013-03-01,189.9
2013-04-01,186.2
2013-05-01,190.0
2013-06-01,190.4
2013-07-01,191.8
2013-08-01,192.1
2013-09-01,193.3
2013-10-01,193.4
2013-11-01,194.4
2013-12-01,194.4
2014-01-01,195.9
2014-02-01,196.8
2014-03-01,196.4
2014-04-01,198.2
2014-05-01,199.9
2014-06-01,201.4
2014-07-01,202.6
2014-08-01,203.8
2014-09-01,205.0
2014-10-01,206.7
2014-11-01,208.0
2014-12-01,210.3
2015-01-01,209.0
2015-02-01,209.6
2015-03-01,208.6
2015-04-01,212.7
2015-05-01,214.3
2015-06-01,214.0
2015-07-01,213.6
2015-08-01,215.0
2015-09-01,216.0
2015-10-01,216.4
2015-11-01,217.3
2015-12-01,218.9
2016-01-01,218.9
2016-02-01,219.8
2016-03-01,220.3
2016-04-01,219.6
2016-05-01,217.4
2016-06-01,218.1
2016-07-01,218.4
2016-08-01,218.7
2016-09-01,218.6
2016-10-01,219.4
2016-11-01,220.4
2016-12-01,218.8
2017-01-01,217.9
2017-02-01,221.9
2017-03-01,220.3
2017-04-01,219.9
2017-05-01,220.0
2017-06-01,219.5
2017-07-01,219.9
2017-08-01,220.6
2017-09-01,220.7
2017-10-01,221.5
2017-11-01,222.3
2017-12-01,222.5
2018-01-01,223.3
2018-02-01,225.1
2018-03-01,228.1
2018-04-01,224.5
2018-05-01,226.2
2018-06-01,227.5
2018-07-01,226.8
2018-08-01,226.6
2018-09-01,227.3
2018-10-01,227.1
2018-11-01,226.1
2018-12-01,226.8
2019-01-01,227.7
2019-02-01,224.9
2019-03-01,227.6
2019-04-01,228.6
2019-05-01,228.2
2019-06-01,228.5
2019-07-01,229.8
2019-08-01,230.5
2019-09-01,230.0
2019-10-01,229.7
2019-11-01,226.2
2019-12-01,228.8
2020-01-01,228.8
2020-02-01,227.9
2020-03-01,224.3
2020-04-01,198.9
2020-05-01,208.1
2020-06-01,212.9
2020-07-01,214.4
2020-08-01,215.7
2020-09-01,214.4
2020-10-01,217.0
2020-11-01,217.4
2020-12-01,219.6
2021-01-01,220.7
2021-02-01,215.8
2021-03-01,221.1
2021-04-01,223.6
2021-05-01,221.4
2021-06-01,221.7
2021-07-01,222.7
2021-08-01,222.2
2021-09-01,223.7
2021-10-01,224.2
2021-11-01,225.8
2021-12-01,228.3
2022-01-01,226.5
2022-02-01,227.5
2022-03-01,227.9
2022-04-01,227.8
2022-05-01,229.8
2022-06-01,229.7
2022-07-01,231.4
2022-08-01,233.2
2022-09-01,233.0
2022-10-01,233.7
2022-11-01,233.2
2022-12-01,233.7
2023-01-01,235.5
2023-02-01,234.5
2023-03-01,234.2
2023-04-01,237.8
2023-05-01,234.8
2023-06-01,236.0
2023-07-01,234.5
2023-08-01,235.3
2023-09-01,236.2
2023-10-01,236.8
2023-11-01,237.7
2023-12-01,236.4
2024-01-01,236.2
2024-02-01,237.6
2024-03-01,237.1
2024-04-01,236.3
2024-05-01,236.1
2024-06-01,236.6
2024-07-01,237.1
2024-08-01,236.8
2024-09-01,237.5
2024-10-01,236.8
2024-11-01,237.9
2024-12-01,237.8
2025-01-01,236.8
2025-02-01,238.8
2025-03-01,240.4
2025-04-01,240.6
2025-05-01,240.4
2025-06-01,239.8
2025-07-01,241.1
2025-08-01,240.7
2025-09-01,240.2
2025-10-01,239.2
2025-11-01,241.4
2025-12-01,237.3
2026-01-01,251.3
2026-02-01,246.4
