observation_date,ILGOVT
1990-01-01,755.3
1990-02-01,757.0
1990-03-01,763.2
1990-04-01,762.9
1990-05-01,770.2
1990-06-01,772.6
1990-07-01,769.7
1990-08-01,773.9
1990-09-01,765.6
1990-10-01,766.7
1990-11-01,764.0
1990-12-01,767.8
1991-01-01,773.2
1991-02-01,769.6
1991-03-01,769.4
1991-04-01,774.0
1991-05-01,771.9
1991-06-01,763.1
1991-07-01,770.1
1991-08-01,767.9
1991-09-01,768.9
1991-10-01,769.6
1991-11-01,772.6
1991-12-01,771.5
1992-01-01,776.4
1992-02-01,774.9
1992-03-01,774.8
1992-04-01,777.7
1992-05-01,772.5
1992-06-01,777.1
1992-07-01,762.2
1992-08-01,764.4
1992-09-01,775.5
1992-10-01,774.5
1992-11-01,780.6
1992-12-01,776.7
1993-01-01,776.1
1993-02-01,777.0
1993-03-01,773.1
1993-04-01,777.5
1993-05-01,783.7
1993-06-01,774.8
1993-07-01,765.3
1993-08-01,768.6
1993-09-01,768.8
1993-10-01,774.2
1993-11-01,777.2
1993-12-01,780.6
1994-01-01,777.9
1994-02-01,779.6
1994-03-01,784.1
1994-04-01,781.8
1994-05-01,785.7
1994-06-01,784.3
1994-07-01,784.1
1994-08-01,790.2
1994-09-01,788.5
1994-10-01,793.4
1994-11-01,792.9
1994-12-01,795.5
1995-01-01,797.2
1995-02-01,800.0
1995-03-01,799.6
1995-04-01,801.5
1995-05-01,800.8
1995-06-01,802.1
1995-07-01,776.4
1995-08-01,777.5
1995-09-01,813.3
1995-10-01,803.4
1995-11-01,805.4
1995-12-01,805.1
1996-01-01,804.5
1996-02-01,806.8
1996-03-01,811.9
1996-04-01,809.9
1996-05-01,807.8
1996-06-01,815.8
1996-07-01,809.1
1996-08-01,810.4
1996-09-01,808.0
1996-10-01,805.2
1996-11-01,812.1
1996-12-01,805.6
1997-01-01,807.8
1997-02-01,807.3
1997-03-01,807.1
1997-04-01,800.1
1997-05-01,809.9
1997-06-01,812.0
1997-07-01,809.3
1997-08-01,811.2
1997-09-01,808.0
1997-10-01,799.7
1997-11-01,810.9
1997-12-01,812.2
1998-01-01,813.2
1998-02-01,810.6
1998-03-01,814.5
1998-04-01,811.9
1998-05-01,813.9
1998-06-01,815.3
1998-07-01,813.9
1998-08-01,815.9
1998-09-01,823.7
1998-10-01,817.8
1998-11-01,821.0
1998-12-01,822.0
1999-01-01,817.9
1999-02-01,816.2
1999-03-01,819.8
1999-04-01,827.1
1999-05-01,823.5
1999-06-01,826.3
1999-07-01,829.0
1999-08-01,832.1
1999-09-01,832.3
1999-10-01,830.5
1999-11-01,828.4
1999-12-01,829.2
2000-01-01,832.0
2000-02-01,834.6
2000-03-01,837.5
2000-04-01,834.9
2000-05-01,847.4
2000-06-01,845.9
2000-07-01,838.8
2000-08-01,843.5
2000-09-01,839.3
2000-10-01,839.5
2000-11-01,841.2
2000-12-01,843.4
2001-01-01,841.1
2001-02-01,844.1
2001-03-01,844.5
2001-04-01,843.8
2001-05-01,849.8
2001-06-01,850.9
2001-07-01,853.4
2001-08-01,853.9
2001-09-01,853.2
2001-10-01,854.4
2001-11-01,854.1
2001-12-01,858.1
2002-01-01,860.1
2002-02-01,857.4
2002-03-01,860.5
2002-04-01,863.3
2002-05-01,864.0
2002-06-01,865.9
2002-07-01,855.0
2002-08-01,857.1
2002-09-01,855.9
2002-10-01,861.8
2002-11-01,862.5
2002-12-01,863.0
2003-01-01,860.0
2003-02-01,859.4
2003-03-01,856.4
2003-04-01,858.1
2003-05-01,853.4
2003-06-01,857.1
2003-07-01,854.5
2003-08-01,853.5
2003-09-01,845.9
2003-10-01,846.6
2003-11-01,845.1
2003-12-01,845.1
2004-01-01,849.5
2004-02-01,846.0
2004-03-01,845.1
2004-04-01,843.6
2004-05-01,841.7
2004-06-01,842.8
2004-07-01,845.7
2004-08-01,850.7
2004-09-01,839.8
2004-10-01,846.5
2004-11-01,846.4
2004-12-01,844.5
2005-01-01,845.4
2005-02-01,844.5
2005-03-01,844.5
2005-04-01,842.6
2005-05-01,844.4
2005-06-01,838.5
2005-07-01,852.7
2005-08-01,855.8
2005-09-01,849.5
2005-10-01,845.9
2005-11-01,846.4
2005-12-01,847.2
2006-01-01,844.8
2006-02-01,843.8
2006-03-01,845.1
2006-04-01,841.4
2006-05-01,844.9
2006-06-01,847.2
2006-07-01,847.1
2006-08-01,849.7
2006-09-01,849.1
2006-10-01,843.9
2006-11-01,844.4
2006-12-01,844.9
2007-01-01,845.2
2007-02-01,844.7
2007-03-01,846.2
2007-04-01,847.1
2007-05-01,847.4
2007-06-01,847.3
2007-07-01,847.4
2007-08-01,849.0
2007-09-01,850.5
2007-10-01,850.2
2007-11-01,849.4
2007-12-01,847.5
2008-01-01,852.0
2008-02-01,852.3
2008-03-01,852.1
2008-04-01,852.4
2008-05-01,853.2
2008-06-01,855.7
2008-07-01,854.5
2008-08-01,854.1
2008-09-01,853.7
2008-10-01,854.6
2008-11-01,854.1
2008-12-01,855.8
2009-01-01,855.1
2009-02-01,854.0
2009-03-01,853.1
2009-04-01,860.1
2009-05-01,859.0
2009-06-01,857.8
2009-07-01,856.8
2009-08-01,852.6
2009-09-01,856.7
2009-10-01,854.2
2009-11-01,856.1
2009-12-01,854.5
2010-01-01,855.7
2010-02-01,855.8
2010-03-01,853.7
2010-04-01,856.3
2010-05-01,869.2
2010-06-01,859.1
2010-07-01,845.7
2010-08-01,854.7
2010-09-01,848.2
2010-10-01,846.0
2010-11-01,842.9
2010-12-01,839.4
2011-01-01,841.2
2011-02-01,840.3
2011-03-01,838.6
2011-04-01,843.1
2011-05-01,839.4
2011-06-01,837.5
2011-07-01,841.3
2011-08-01,842.2
2011-09-01,837.9
2011-10-01,836.7
2011-11-01,836.4
2011-12-01,830.3
2012-01-01,833.7
2012-02-01,833.5
2012-03-01,835.5
2012-04-01,835.2
2012-05-01,834.3
2012-06-01,831.3
2012-07-01,827.4
2012-08-01,829.6
2012-09-01,830.4
2012-10-01,832.0
2012-11-01,831.7
2012-12-01,829.9
2013-01-01,834.7
2013-02-01,831.8
2013-03-01,831.0
2013-04-01,830.2
2013-05-01,827.2
2013-06-01,828.5
2013-07-01,826.4
2013-08-01,827.2
2013-09-01,826.7
2013-10-01,825.0
2013-11-01,824.7
2013-12-01,825.2
2014-01-01,827.4
2014-02-01,824.0
2014-03-01,824.2
2014-04-01,825.5
2014-05-01,826.3
2014-06-01,824.7
2014-07-01,825.4
2014-08-01,825.2
2014-09-01,825.7
2014-10-01,825.7
2014-11-01,827.3
2014-12-01,826.9
2015-01-01,826.9
2015-02-01,827.4
2015-03-01,827.2
2015-04-01,829.1
2015-05-01,828.4
2015-06-01,829.5
2015-07-01,827.9
2015-08-01,824.9
2015-09-01,823.8
2015-10-01,824.4
2015-11-01,822.2
2015-12-01,823.1
2016-01-01,822.1
2016-02-01,822.6
2016-03-01,823.1
2016-04-01,821.5
2016-05-01,819.8
2016-06-01,825.6
2016-07-01,823.9
2016-08-01,820.4
2016-09-01,822.8
2016-10-01,819.7
2016-11-01,818.3
2016-12-01,821.0
2017-01-01,813.5
2017-02-01,819.8
2017-03-01,818.4
2017-04-01,817.5
2017-05-01,818.7
2017-06-01,824.9
2017-07-01,818.8
2017-08-01,821.9
2017-09-01,820.4
2017-10-01,818.6
2017-11-01,818.6
2017-12-01,820.5
2018-01-01,813.6
2018-02-01,818.4
2018-03-01,820.9
2018-04-01,817.8
2018-05-01,819.9
2018-06-01,821.4
2018-07-01,818.6
2018-08-01,822.3
2018-09-01,822.5
2018-10-01,821.7
2018-11-01,824.5
2018-12-01,823.1
2019-01-01,817.5
2019-02-01,821.2
2019-03-01,823.3
2019-04-01,823.3
2019-05-01,824.2
2019-06-01,823.9
2019-07-01,822.2
2019-08-01,821.8
2019-09-01,823.7
2019-10-01,825.6
2019-11-01,824.9
2019-12-01,823.5
2020-01-01,834.3
2020-02-01,830.7
2020-03-01,830.0
2020-04-01,776.7
2020-05-01,757.8
2020-06-01,748.5
2020-07-01,757.2
2020-08-01,784.8
2020-09-01,774.9
2020-10-01,769.8
2020-11-01,767.1
2020-12-01,768.5
2021-01-01,770.6
2021-02-01,770.2
2021-03-01,771.5
2021-04-01,778.6
2021-05-01,769.7
2021-06-01,768.7
2021-07-01,778.9
2021-08-01,780.9
2021-09-01,785.8
2021-10-01,785.2
2021-11-01,782.1
2021-12-01,787.3
2022-01-01,794.9
2022-02-01,787.0
2022-03-01,785.7
2022-04-01,788.0
2022-05-01,781.1
2022-06-01,790.4
2022-07-01,796.7
2022-08-01,793.7
2022-09-01,795.0
2022-10-01,794.1
2022-11-01,797.0
2022-12-01,796.4
2023-01-01,800.2
2023-02-01,802.6
2023-03-01,805.4
2023-04-01,799.7
2023-05-01,800.6
2023-06-01,817.4
2023-07-01,815.8
2023-08-01,814.0
2023-09-01,817.7
2023-10-01,820.1
2023-11-01,822.6
2023-12-01,822.1
2024-01-01,828.9
2024-02-01,832.3
2024-03-01,835.7
2024-04-01,835.7
2024-05-01,838.8
2024-06-01,836.9
2024-07-01,851.9
2024-08-01,856.6
2024-09-01,843.2
2024-10-01,848.7
2024-11-01,848.8
2024-12-01,849.9
2025-01-01,852.8
2025-02-01,851.9
2025-03-01,850.7
2025-04-01,853.1
2025-05-01,851.8
2025-06-01,852.5
2025-07-01,851.1
2025-08-01,854.9
2025-09-01,853.2
2025-10-01,852.6
2025-11-01,853.9
2025-12-01,855.5
2026-01-01,852.5
2026-02-01,853.3
