observation_date,KYMFG
1990-01-01,271.2
1990-02-01,272.9
1990-03-01,274.3
1990-04-01,273.4
1990-05-01,274.0
1990-06-01,274.1
1990-07-01,274.3
1990-08-01,273.8
1990-09-01,273.3
1990-10-01,272.5
1990-11-01,270.9
1990-12-01,270.1
1991-01-01,268.0
1991-02-01,267.1
1991-03-01,265.7
1991-04-01,265.7
1991-05-01,265.6
1991-06-01,265.7
1991-07-01,265.6
1991-08-01,266.7
1991-09-01,267.0
1991-10-01,267.9
1991-11-01,269.1
1991-12-01,268.8
1992-01-01,268.5
1992-02-01,270.1
1992-03-01,270.8
1992-04-01,271.7
1992-05-01,272.4
1992-06-01,272.8
1992-07-01,272.1
1992-08-01,272.0
1992-09-01,272.2
1992-10-01,272.3
1992-11-01,272.9
1992-12-01,272.6
1993-01-01,276.1
1993-02-01,276.9
1993-03-01,277.1
1993-04-01,277.7
1993-05-01,277.8
1993-06-01,278.0
1993-07-01,279.0
1993-08-01,278.9
1993-09-01,279.9
1993-10-01,281.4
1993-11-01,282.1
1993-12-01,282.3
1994-01-01,281.3
1994-02-01,283.3
1994-03-01,285.3
1994-04-01,287.1
1994-05-01,288.2
1994-06-01,289.4
1994-07-01,291.4
1994-08-01,292.5
1994-09-01,292.9
1994-10-01,292.4
1994-11-01,294.4
1994-12-01,296.2
1995-01-01,298.5
1995-02-01,298.5
1995-03-01,297.9
1995-04-01,298.5
1995-05-01,298.1
1995-06-01,298.7
1995-07-01,297.3
1995-08-01,299.1
1995-09-01,299.1
1995-10-01,299.3
1995-11-01,299.7
1995-12-01,299.7
1996-01-01,298.9
1996-02-01,298.4
1996-03-01,298.2
1996-04-01,296.3
1996-05-01,296.8
1996-06-01,297.0
1996-07-01,297.1
1996-08-01,297.7
1996-09-01,298.5
1996-10-01,298.5
1996-11-01,299.4
1996-12-01,298.1
1997-01-01,298.5
1997-02-01,297.9
1997-03-01,300.3
1997-04-01,301.2
1997-05-01,300.9
1997-06-01,304.7
1997-07-01,304.7
1997-08-01,304.0
1997-09-01,304.5
1997-10-01,304.4
1997-11-01,303.8
1997-12-01,305.4
1998-01-01,305.2
1998-02-01,304.5
1998-03-01,304.8
1998-04-01,307.0
1998-05-01,307.9
1998-06-01,308.2
1998-07-01,306.3
1998-08-01,307.3
1998-09-01,306.6
1998-10-01,308.0
1998-11-01,307.3
1998-12-01,307.1
1999-01-01,308.1
1999-02-01,309.1
1999-03-01,309.5
1999-04-01,308.1
1999-05-01,307.8
1999-06-01,308.3
1999-07-01,310.8
1999-08-01,309.6
1999-09-01,310.4
1999-10-01,309.7
1999-11-01,309.9
1999-12-01,310.0
2000-01-01,310.1
2000-02-01,309.4
2000-03-01,309.7
2000-04-01,311.9
2000-05-01,312.4
2000-06-01,311.6
2000-07-01,311.1
2000-08-01,311.2
2000-09-01,310.9
2000-10-01,310.1
2000-11-01,309.1
2000-12-01,308.5
2001-01-01,302.5
2001-02-01,301.8
2001-03-01,299.3
2001-04-01,297.4
2001-05-01,295.8
2001-06-01,294.3
2001-07-01,289.7
2001-08-01,287.9
2001-09-01,285.7
2001-10-01,284.2
2001-11-01,282.8
2001-12-01,281.2
2002-01-01,280.0
2002-02-01,278.9
2002-03-01,278.5
2002-04-01,278.0
2002-05-01,276.9
2002-06-01,276.1
2002-07-01,274.1
2002-08-01,273.7
2002-09-01,271.7
2002-10-01,272.8
2002-11-01,271.4
2002-12-01,270.1
2003-01-01,268.8
2003-02-01,268.2
2003-03-01,266.5
2003-04-01,265.1
2003-05-01,265.0
2003-06-01,264.5
2003-07-01,264.4
2003-08-01,264.5
2003-09-01,264.9
2003-10-01,264.8
2003-11-01,264.2
2003-12-01,265.2
2004-01-01,264.8
2004-02-01,264.6
2004-03-01,264.2
2004-04-01,263.8
2004-05-01,264.5
2004-06-01,264.0
2004-07-01,258.0
2004-08-01,264.3
2004-09-01,264.4
2004-10-01,264.2
2004-11-01,263.9
2004-12-01,263.5
2005-01-01,262.7
2005-02-01,262.5
2005-03-01,262.8
2005-04-01,263.7
2005-05-01,263.2
2005-06-01,262.9
2005-07-01,256.5
2005-08-01,261.8
2005-09-01,262.6
2005-10-01,262.7
2005-11-01,263.0
2005-12-01,262.1
2006-01-01,263.2
2006-02-01,262.8
2006-03-01,263.2
2006-04-01,262.7
2006-05-01,262.0
2006-06-01,262.5
2006-07-01,257.0
2006-08-01,261.7
2006-09-01,261.2
2006-10-01,257.1
2006-11-01,256.1
2006-12-01,260.0
2007-01-01,259.0
2007-02-01,258.9
2007-03-01,255.7
2007-04-01,258.1
2007-05-01,258.4
2007-06-01,259.4
2007-07-01,253.5
2007-08-01,253.0
2007-09-01,255.8
2007-10-01,251.5
2007-11-01,254.8
2007-12-01,252.2
2008-01-01,252.7
2008-02-01,252.9
2008-03-01,252.4
2008-04-01,249.7
2008-05-01,251.7
2008-06-01,248.3
2008-07-01,243.2
2008-08-01,243.9
2008-09-01,240.6
2008-10-01,238.0
2008-11-01,238.3
2008-12-01,231.9
2009-01-01,223.6
2009-02-01,221.8
2009-03-01,218.1
2009-04-01,216.1
2009-05-01,213.6
2009-06-01,211.1
2009-07-01,209.7
2009-08-01,209.5
2009-09-01,209.2
2009-10-01,208.8
2009-11-01,208.2
2009-12-01,207.7
2010-01-01,207.5
2010-02-01,203.7
2010-03-01,207.8
2010-04-01,208.7
2010-05-01,209.5
2010-06-01,209.6
2010-07-01,207.6
2010-08-01,210.3
2010-09-01,211.3
2010-10-01,211.9
2010-11-01,210.9
2010-12-01,210.9
2011-01-01,210.5
2011-02-01,210.8
2011-03-01,211.6
2011-04-01,212.2
2011-05-01,211.7
2011-06-01,212.7
2011-07-01,209.5
2011-08-01,213.6
2011-09-01,214.4
2011-10-01,215.2
2011-11-01,215.8
2011-12-01,215.4
2012-01-01,217.8
2012-02-01,216.8
2012-03-01,219.9
2012-04-01,220.5
2012-05-01,222.2
2012-06-01,224.1
2012-07-01,225.2
2012-08-01,225.8
2012-09-01,225.9
2012-10-01,227.5
2012-11-01,227.4
2012-12-01,227.9
2013-01-01,228.2
2013-02-01,228.4
2013-03-01,228.4
2013-04-01,228.1
2013-05-01,228.8
2013-06-01,229.0
2013-07-01,225.9
2013-08-01,228.9
2013-09-01,229.6
2013-10-01,230.8
2013-11-01,230.9
2013-12-01,231.6
2014-01-01,231.7
2014-02-01,232.4
2014-03-01,232.7
2014-04-01,233.5
2014-05-01,234.4
2014-06-01,234.7
2014-07-01,235.6
2014-08-01,236.9
2014-09-01,236.6
2014-10-01,237.1
2014-11-01,237.9
2014-12-01,238.2
2015-01-01,239.4
2015-02-01,239.1
2015-03-01,239.5
2015-04-01,237.4
2015-05-01,241.2
2015-06-01,241.4
2015-07-01,238.4
2015-08-01,243.1
2015-09-01,244.0
2015-10-01,244.0
2015-11-01,244.3
2015-12-01,244.8
2016-01-01,245.3
2016-02-01,245.9
2016-03-01,246.9
2016-04-01,247.4
2016-05-01,248.0
2016-06-01,248.6
2016-07-01,249.9
2016-08-01,249.8
2016-09-01,250.2
2016-10-01,249.7
2016-11-01,249.7
2016-12-01,249.8
2017-01-01,250.1
2017-02-01,250.3
2017-03-01,250.4
2017-04-01,250.8
2017-05-01,250.7
2017-06-01,250.5
2017-07-01,250.6
2017-08-01,250.1
2017-09-01,250.3
2017-10-01,250.4
2017-11-01,251.0
2017-12-01,251.0
2018-01-01,250.9
2018-02-01,251.1
2018-03-01,251.2
2018-04-01,251.4
2018-05-01,251.7
2018-06-01,251.6
2018-07-01,250.7
2018-08-01,252.4
2018-09-01,251.4
2018-10-01,252.4
2018-11-01,252.9
2018-12-01,252.7
2019-01-01,252.8
2019-02-01,252.6
2019-03-01,252.3
2019-04-01,252.4
2019-05-01,252.3
2019-06-01,251.9
2019-07-01,253.2
2019-08-01,253.2
2019-09-01,252.7
2019-10-01,250.6
2019-11-01,252.3
2019-12-01,251.2
2020-01-01,251.0
2020-02-01,250.3
2020-03-01,248.6
2020-04-01,205.2
2020-05-01,208.9
2020-06-01,232.0
2020-07-01,234.9
2020-08-01,236.4
2020-09-01,238.2
2020-10-01,239.3
2020-11-01,239.8
2020-12-01,241.1
2021-01-01,241.8
2021-02-01,242.2
2021-03-01,243.0
2021-04-01,240.8
2021-05-01,242.0
2021-06-01,240.2
2021-07-01,243.3
2021-08-01,243.3
2021-09-01,243.3
2021-10-01,244.9
2021-11-01,245.6
2021-12-01,246.3
2022-01-01,246.7
2022-02-01,247.4
2022-03-01,247.4
2022-04-01,251.2
2022-05-01,251.6
2022-06-01,252.1
2022-07-01,254.2
2022-08-01,254.4
2022-09-01,254.7
2022-10-01,255.0
2022-11-01,254.9
2022-12-01,255.0
2023-01-01,252.9
2023-02-01,253.6
2023-03-01,256.1
2023-04-01,256.5
2023-05-01,256.4
2023-06-01,256.6
2023-07-01,257.6
2023-08-01,257.4
2023-09-01,258.0
2023-10-01,257.0
2023-11-01,258.0
2023-12-01,258.7
2024-01-01,258.8
2024-02-01,258.9
2024-03-01,258.5
2024-04-01,258.7
2024-05-01,258.7
2024-06-01,258.4
2024-07-01,257.9
2024-08-01,257.9
2024-09-01,257.5
2024-10-01,256.1
2024-11-01,256.0
2024-12-01,254.9
2025-01-01,253.6
2025-02-01,253.5
2025-03-01,253.8
2025-04-01,253.4
2025-05-01,253.8
2025-06-01,252.9
2025-07-01,252.3
2025-08-01,251.8
2025-09-01,251.3
2025-10-01,251.0
2025-11-01,251.2
2025-12-01,250.9
2026-01-01,252.0
2026-02-01,251.4
